Crime ID,Month,Reported by,Falls within,Longitude,Latitude,Location,LSOA code,LSOA name,Outcome type
42f08fa82b122fd3e517bcd8a9bf53580d665885e635ec0f3a0a5bc258c0bec6,2017-07,City of London Police,City of London Police,-0.094720,51.514420,On or near WOOD STREET,E01032739,City of London 001F,Offender given a caution
b88a264dc4f7747d4f175588f0e017cf887ac845732729303e1ccd81cad5c3c7,2017-07,City of London Police,City of London Police,-0.084566,51.517690,On or near BLOMFIELD STREET,E01032739,City of London 001F,Investigation complete; no suspect identified
2df2ec320a3e5e12c7ddcfbb1ba616edcbf7a16a7bd57d71a28370594a2127ce,2017-07,City of London Police,City of London Police,-0.073065,51.511180,On or near GOODMAN'S YARD,E01000005,City of London 001E,Suspect charged
c51edc453553ed8977dbe3ced2eac0419f87dba177c68ba474a28bd76878e60a,2017-07,City of London Police,City of London Police,-0.089040,51.512745,On or near MANSION HOUSE PLACE,E01032739,City of London 001F,Suspect charged
b17febef45682bc49881e1c89247817bb0703170fc92d2c5f793e9306cfb8629,2017-07,City of London Police,City of London Police,-0.092517,51.520580,On or near WHITECROSS STREET,E01000002,City of London 001B,Investigation complete; no suspect identified
06c2ddede5a52f44205552313c0c672e0747c03dbe63e27d7d4b43f6f6d2fe61,2017-07,City of London Police,City of London Police,-0.086393,51.510894,On or near EASTCHEAP,E01032739,City of London 001F,Suspect charged
88100ef0436818e5e4ef48be2ff8da47da0b2a2e03e726770cef98f00ac16d17,2017-07,City of London Police,City of London Police,-0.084095,51.516900,On or near NEW BROAD STREET,E01032739,City of London 001F,Investigation complete; no suspect identified
864cf2f1d167e993ae90c09ae41003e398986d5c0525dfe1ae202a8f90c4f2c7,2017-07,City of London Police,City of London Police,-0.086393,51.510894,On or near EASTCHEAP,E01032739,City of London 001F,Local resolution
245c1110dbab35f90cb094ab1fb123531e510e0e59b365e35c250e696a58365c,2017-07,City of London Police,City of London Police,-0.104252,51.516733,On or near Supermarket,E01032740,City of London 001G,Investigation complete; no suspect identified
1d8682bf7022379504c89dc8e49edaa43b56b3e3a5f313a36edca11519a050e8,2017-07,City of London Police,City of London Police,-0.102502,51.516165,On or near GREEN ARBOUR COURT,E01032740,City of London 001G,Investigation complete; no suspect identified
c638605ec6b7df43d38424f9ee87d4f4941353b387239f826b053274ee0d701c,2017-07,City of London Police,City of London Police,-0.085310,51.518511,On or near ELDON STREET,E01032739,City of London 001F,Investigation complete; no suspect identified
7cbf0f65d9e3645b3be4dd7e154da0c97d576214536ee2fc0c4a230f91fa8cf4,2017-07,City of London Police,City of London Police,-0.081832,51.514507,On or near UNDERSHAFT,E01032739,City of London 001F,Investigation complete; no suspect identified
24962977d6307b4475421ce30e3ea0f0f5a24320dd2596b72b714bb9ad7b56c5,2017-07,City of London Police,City of London Police,-0.100884,51.516966,On or near Hospital,E01032740,City of London 001G,Investigation complete; no suspect identified
eda6a8a87bf0d324020533cf684c489de3d9f1bf61744e80ea048f69f98d206c,2017-07,City of London Police,City of London Police,-0.091084,51.513830,On or near OLD JEWRY,E01032739,City of London 001F,Suspect charged
dd44a52373fd4a341f53f8ad558eaa4bd53592181e76014ee06491af831d89b5,2017-07,City of London Police,City of London Police,-0.086624,51.511923,On or near CLEMENT'S LANE,E01032739,City of London 001F,Offender given penalty notice
ae52e31fd3931167c9e9d4b5a4192b3ffbf4eb485b33fe0b967fe96e138125ad,2017-07,City of London Police,City of London Police,,,No location,,,Offender sent to prison
c51edc453553ed8977dbe3ced2eac0419f87dba177c68ba474a28bd76878e60a,2017-07,City of London Police,City of London Police,-0.089040,51.512745,On or near MANSION HOUSE PLACE,E01032739,City of London 001F,Offender given community sentence
d3b2ce3db54a0f5a0e0455072a7631b7e1b75d017e186f97f0ab17bdc8951e64,2017-07,City of London Police,City of London Police,-0.109155,51.516668,On or near FETTER LANE,E01032740,City of London 001G,Offender fined
06c2ddede5a52f44205552313c0c672e0747c03dbe63e27d7d4b43f6f6d2fe61,2017-07,City of London Police,City of London Police,-0.086393,51.510894,On or near EASTCHEAP,E01032739,City of London 001F,Offender given suspended prison sentence
f22a275a6697b04a5e6e7dfbffd34d9a1fd9bb480e7e475bde036ac5a3291569,2017-07,City of London Police,City of London Police,-0.080322,51.510651,On or near MARK LANE,E01032739,City of London 001F,Offender given suspended prison sentence
88e9567f7752a5ba7853f641699ea5d240bdcd8e2791397184be0b690a3a0392,2017-07,City of London Police,City of London Police,-0.086624,51.511923,On or near CLEMENT'S LANE,E01032739,City of London 001F,Offender fined
64abf70ab76b913cc532fbb02d66d0dff88dab87d2bc2cd102ecba70e96b1c45,2017-07,City of London Police,City of London Police,-0.082571,51.514753,On or near GREAT ST HELEN'S,E01032739,City of London 001F,Offender fined
6f8a385dc343ab0813677b1ee9aa35bdf0af54258c176b0e7f42d9a440de12c0,2017-07,City of London Police,City of London Police,-0.080376,51.517244,On or near Supermarket,E01032739,City of London 001F,Offender given suspended prison sentence
8406a1d56a580b5e4f78d1e3adf24bb6989dcc60a149ca91349c30f30a4bb865,2017-07,City of London Police,City of London Police,-0.079011,51.509614,On or near Pedestrian Subway,E01032739,City of London 001F,Offender sent to prison
9acba74d05ee59f52e758bbf4247543ad23b481db88bd8319e6e1b8b732dc8ec,2017-07,City of London Police,City of London Police,-0.075508,51.514763,On or near Pedestrian Subway,E01000005,City of London 001E,Offender sent to prison
a1c575a5c24d32f1f3cce902e0c701ccd12da88a7c59b67461bc39808506e8e9,2017-07,City of London Police,City of London Police,-0.086278,51.509876,On or near FISH STREET HILL,E01032739,City of London 001F,Offender fined
cb3a3c183af3d99977df114155bc39c06bcba77cd96ff0fab15dd1067616c50a,2017-07,City of London Police,City of London Police,-0.088473,51.518374,On or near MOOR PLACE,E01032739,City of London 001F,Offender sent to prison
1c2872ed6a7c2b0f839e0443a96deb340a91e5e2dda61338cc15ffe93b500ea5,2017-07,City of London Police,City of London Police,-0.104244,51.512749,On or near NEW BRIDGE STREET,E01032739,City of London 001F,Offender fined
7e7e647c1919489400016b32520a801696b43910a3eb20b898a1ca53fa57ca9f,2017-07,City of London Police,City of London Police,-0.078856,51.518433,On or near ARTILLERY LANE,E01032739,City of London 001F,Offender given community sentence
b290ca117abdb1f016b16bea77edfa3017d821c631b0113b46d0118bb67961e4,2017-07,City of London Police,City of London Police,-0.088393,51.511332,On or near ABCHURCH LANE,E01032739,City of London 001F,Court case unable to proceed
ff08393fd8ed03d7ef15ae292372572ef7120b672ed058fe989b703fc2fcc8c2,2017-07,City of London Police,City of London Police,-0.088995,51.512088,On or near ST SWITHIN'S LANE,E01032739,City of London 001F,Defendant found not guilty
5b0480e2c89e77eafcdd1d752dc41cbba00d858abe33b375f6f907ab9a176b9d,2017-07,City of London Police,City of London Police,-0.085173,51.518680,On or near FINSBURY AVENUE,E01032739,City of London 001F,Offender given community sentence
2ec2b97461a39bfaa5b016086af183b31427fc5afb29feff48e06cc7fe034a1c,2017-07,City of London Police,City of London Police,-0.093465,51.514463,On or near RUSSIA ROW,E01032739,City of London 001F,Offender given community sentence
82eae9bfb89d3ae6e87d357b48b62ae99a8cff5b771bb49c7a505536bc5dcf1e,2017-07,City of London Police,City of London Police,-0.084095,51.516900,On or near NEW BROAD STREET,E01032739,City of London 001F,Offender sent to prison
95c7ed320e9598a72799d502b38ace043cf3d0760df3889b540ac5609bd58256,2017-07,City of London Police,City of London Police,-0.097929,51.521810,On or near GLASSHOUSE YARD,E01033490,Islington 022H,Offender given community sentence
2df2ec320a3e5e12c7ddcfbb1ba616edcbf7a16a7bd57d71a28370594a2127ce,2017-07,City of London Police,City of London Police,-0.073065,51.511180,On or near GOODMAN'S YARD,E01000005,City of London 001E,Offender sent to prison
b1dc197a350a5415883cc04a50b7540b06a9fa6bac4ac8ce7cffbf9a4be87f1a,2017-07,City of London Police,City of London Police,-0.084980,51.516078,On or near GREAT WINCHESTER STREET,E01032739,City of London 001F,Offender sent to prison
8406a1d56a580b5e4f78d1e3adf24bb6989dcc60a149ca91349c30f30a4bb865,2017-07,City of London Police,City of London Police,-0.079011,51.509614,On or near Pedestrian Subway,E01032739,City of London 001F,Offender sent to prison
b9510a30a069abd5a801920c4424b6821d4c61ac54832ebbe7b6c2c205367899,2017-07,City of London Police,City of London Police,-0.080322,51.510651,On or near MARK LANE,E01032739,City of London 001F,Defendant found not guilty
ff08393fd8ed03d7ef15ae292372572ef7120b672ed058fe989b703fc2fcc8c2,2017-07,City of London Police,City of London Police,-0.088995,51.512088,On or near ST SWITHIN'S LANE,E01032739,City of London 001F,Defendant found not guilty
a17597a6d26713dae0eedbe55e9bf830c8d82fdfed01e93abdb3eacb9046e0ef,2017-07,City of London Police,City of London Police,-0.089698,51.511812,On or near OXFORD COURT,E01032739,City of London 001F,Offender sent to prison
6717ae7f6da37f60953a9d42dcbe9f96c52e0cc9bbf5fb76f2441a165d9a3fc6,2017-07,City of London Police,City of London Police,,,No location,,,Offender given a caution
b127785e3b593711bf87c92ab55f0e3bb3c53c32c47259d92f651261b5ab5f56,2017-07,City of London Police,City of London Police,,,No location,,,Local resolution
6561852285a9cbbeec931a74843126233ae20d846301ecd0d9edc3d579c674fe,2017-07,City of London Police,City of London Police,,,No location,,,Investigation complete; no suspect identified
7fcfb8c37a2c651462b6166b1db1f9ce0ef5903d91bdb988d524e76b1ee53dcd,2017-07,City of London Police,City of London Police,,,No location,,,Suspect charged
50095e2981bd41159d2fa10ad89fdfacac16b702c0c64bf27d42448fb06978e7,2017-07,City of London Police,City of London Police,,,No location,,,Suspect charged
6b77c76723db148f1685d37e48aa8f16c8783b1241d5c51beeaab2437cb76416,2017-07,City of London Police,City of London Police,,,No location,,,Suspect charged
7b6540aecf8c175099c23690076ab6188024d4879b5b65e890cbb9bffd90eb41,2017-07,City of London Police,City of London Police,-0.084105,51.515281,On or near Conference/Exhibition Centre,E01032739,City of London 001F,Suspect charged
8406a1d56a580b5e4f78d1e3adf24bb6989dcc60a149ca91349c30f30a4bb865,2017-07,City of London Police,City of London Police,-0.079011,51.509614,On or near Pedestrian Subway,E01032739,City of London 001F,Suspect charged
8406a1d56a580b5e4f78d1e3adf24bb6989dcc60a149ca91349c30f30a4bb865,2017-07,City of London Police,City of London Police,-0.079011,51.509614,On or near Pedestrian Subway,E01032739,City of London 001F,Suspect charged
ae52e31fd3931167c9e9d4b5a4192b3ffbf4eb485b33fe0b967fe96e138125ad,2017-07,City of London Police,City of London Police,,,No location,,,Suspect charged
085db1db09cdd902c6ee4053cbd8dc9823a73b2c3ef418f40d065eee4f44c497,2017-07,City of London Police,City of London Police,-0.102668,51.513560,On or near LUDGATE BROADWAY,E01032739,City of London 001F,Suspect charged
f4ef5fcaef6bfb6d9b749b356914d763ad7cd3e062593161550872eaaf2b54fd,2017-07,City of London Police,City of London Police,-0.105134,51.513869,On or near BRIDE LANE,E01032740,City of London 001G,Suspect charged
81abbde5982d8c20b161e9419cd2862f7c00f9d89ecd3db7b6e42af6ef0727e0,2017-07,City of London Police,City of London Police,-0.105134,51.513869,On or near BRIDE LANE,E01032740,City of London 001G,Suspect charged
d3b2ce3db54a0f5a0e0455072a7631b7e1b75d017e186f97f0ab17bdc8951e64,2017-07,City of London Police,City of London Police,-0.109155,51.516668,On or near FETTER LANE,E01032740,City of London 001G,Suspect charged
0f011b2c8f086b00a3f707995138e1a809aa588f2bc638620d2064cb38ef5edf,2017-07,City of London Police,City of London Police,,,No location,,,Suspect charged
964958bf5ce25030626a370d5bff99d9335db984f94434d57170bf24a07f5485,2017-07,City of London Police,City of London Police,-0.087581,51.511435,On or near NICHOLAS LANE,E01032739,City of London 001F,Suspect charged
1999709320c392982ade641d60ba8879c53a6ccb732631be5eb78fd43eae3d34,2017-07,City of London Police,City of London Police,,,No location,,,Suspect charged
ba7434bd2ec8a49f2aace9606dfa3392418bf02c3d96794e1806b4394ddbe039,2017-07,City of London Police,City of London Police,,,No location,,,Suspect charged
71d3a9c95d9ed9a9bf338eb3c36c53be68b983e7c59e0a56ce41e8595ad00174,2017-07,City of London Police,City of London Police,-0.080376,51.517244,On or near Supermarket,E01032739,City of London 001F,Suspect charged
9acba74d05ee59f52e758bbf4247543ad23b481db88bd8319e6e1b8b732dc8ec,2017-07,City of London Police,City of London Police,-0.075508,51.514763,On or near Pedestrian Subway,E01000005,City of London 001E,Suspect charged
62593b3cc34c160d10a5226533e3db512d12720924f8abe535aa2e35be00fce4,2017-07,City of London Police,City of London Police,-0.102721,51.515404,On or near ST GEORGES'S COURT,E01032740,City of London 001G,Suspect charged
7bb9a2dc67dd8fc86e32b6535a4e68a5796a65f8f6b58622464d5ee39bace335,2017-07,City of London Police,City of London Police,-0.102721,51.515404,On or near ST GEORGES'S COURT,E01032740,City of London 001G,Suspect charged
d2aa0606d7138719eab120508b1c2f7d6f8949f608c1f351998fc3bea3eeb7f7,2017-07,City of London Police,City of London Police,,,No location,,,Suspect charged
baeb4aa7df273b1480fc0f73364c32cadb5fa0e7228ca56b8c6838a6e4c4ccdd,2017-07,City of London Police,City of London Police,-0.080728,51.511611,On or near Supermarket,E01032739,City of London 001F,Suspect charged
7831f6427cb1e050093dc8ae8cf2653a7c56e5e657708134c48c537f1bcc41dc,2017-07,City of London Police,City of London Police,-0.104281,51.516032,On or near BEAR ALLEY,E01032740,City of London 001G,Suspect charged
f9bea65f10b746bf2ab683717c7c8aedbf65c2b734d4715ac6490d3bf97737f4,2017-07,City of London Police,City of London Police,-0.104281,51.516032,On or near BEAR ALLEY,E01032740,City of London 001G,Suspect charged
4866ba74e7b2996cb1f1bdbb6ee3f137d9fda4a549f54fa709f2a87335e4e034,2017-07,City of London Police,City of London Police,-0.102668,51.513560,On or near LUDGATE BROADWAY,E01032739,City of London 001F,Suspect charged
1c2872ed6a7c2b0f839e0443a96deb340a91e5e2dda61338cc15ffe93b500ea5,2017-07,City of London Police,City of London Police,-0.104244,51.512749,On or near NEW BRIDGE STREET,E01032739,City of London 001F,Suspect charged
c22d791049fcd09b91562266288f62683cc94c55afd97fe5b4d45d265914ecae,2017-07,City of London Police,City of London Police,-0.082571,51.514753,On or near GREAT ST HELEN'S,E01032739,City of London 001F,Suspect charged
7003857cf697905f1c66192b5bf4422b166ade2df158edf58b116fbbb89cda44,2017-07,City of London Police,City of London Police,-0.108283,51.517526,On or near Supermarket,E01032740,City of London 001G,Suspect charged
03d43e22f4941660b4758417661da64a286060577f47c63f2bbb5859e8b360d4,2017-07,City of London Police,City of London Police,-0.092719,51.512652,On or near QUEEN VICTORIA STREET,E01032739,City of London 001F,Suspect charged
1ce536b05dd3800209dc76fe19d729bb7c4553b52b31d4537f577d231bd598dd,2017-07,City of London Police,City of London Police,-0.092719,51.512652,On or near QUEEN VICTORIA STREET,E01032739,City of London 001F,Suspect charged
ba6dd98c907a8f3b2e0c75b8794d5d2cfa7e03a145e9fbb6c505b66254b77393,2017-07,City of London Police,City of London Police,-0.075508,51.514763,On or near Pedestrian Subway,E01000005,City of London 001E,Suspect charged
32e41e63cbb585146da76a589c5a5e3d9667fa348a61f110e1b5046c1b1d7524,2017-07,City of London Police,City of London Police,-0.104621,51.512692,On or near Supermarket,E01032740,City of London 001G,Suspect charged
32e41e63cbb585146da76a589c5a5e3d9667fa348a61f110e1b5046c1b1d7524,2017-07,City of London Police,City of London Police,-0.104621,51.512692,On or near Supermarket,E01032740,City of London 001G,Suspect charged
c83aca9ebddffd41e7e23d57a42856c7e0c17916ebba24529cd33b5b9d0f35df,2017-07,City of London Police,City of London Police,,,No location,,,Suspect charged
df13919f724eb3aa833d3acd3ae7bc936da3bb4efa5e40992cdc71ab6bbb88fc,2017-07,City of London Police,City of London Police,-0.080376,51.517244,On or near Supermarket,E01032739,City of London 001F,Suspect charged
f9e299466a56b36ae41a00644c177f8a48988fd6da691c982bbe2791783987ab,2017-07,City of London Police,City of London Police,-0.082527,51.512027,On or near CULLUM STREET,E01032739,City of London 001F,Suspect charged
753aed96ac64a20ffc62e59268a80942701db099872d282904ff280d51300b42,2017-07,City of London Police,City of London Police,-0.075508,51.514763,On or near Pedestrian Subway,E01000005,City of London 001E,Suspect charged
8af52ebb5faea0b6fdc6d7eab482b95096ee7fac3584f5946932b7227651b0d6,2017-07,City of London Police,City of London Police,-0.078924,51.508587,On or near PETTY WALES,E01032739,City of London 001F,Suspect charged
8af52ebb5faea0b6fdc6d7eab482b95096ee7fac3584f5946932b7227651b0d6,2017-07,City of London Police,City of London Police,-0.078924,51.508587,On or near PETTY WALES,E01032739,City of London 001F,Suspect charged
6f8a385dc343ab0813677b1ee9aa35bdf0af54258c176b0e7f42d9a440de12c0,2017-07,City of London Police,City of London Police,-0.080376,51.517244,On or near Supermarket,E01032739,City of London 001F,Suspect charged
d917c0dc0e6ef26e0abde3add10024f0d489cbcc21e7403d73e34a3af7e13cee,2017-07,City of London Police,City of London Police,-0.109155,51.516668,On or near FETTER LANE,E01032740,City of London 001G,Suspect charged
bc1b70360a509e1d158287212a568a7cb828c83f2cc5361b4e4a4a63613134ff,2017-07,City of London Police,City of London Police,-0.104494,51.509848,On or near A201,E01032739,City of London 001F,Suspect charged
dc38d3b2e0f7ac8b16f919423e825a92e1e73e980a11b27223a05ffdbf7ccc8c,2017-07,City of London Police,City of London Police,-0.089040,51.512745,On or near MANSION HOUSE PLACE,E01032739,City of London 001F,Suspect charged
585299acd2183959dbeab53a7c6eaad5304b5e69ff0d22a9e23c3a9604dd77a0,2017-07,City of London Police,City of London Police,-0.086051,51.513569,On or near FINCH LANE,E01032739,City of London 001F,Suspect charged
462ff4ea6304013f83823ec6ea38e092ac6daedebc3129e94a3fd8c21bbb26fc,2017-07,City of London Police,City of London Police,-0.073065,51.511180,On or near GOODMAN'S YARD,E01000005,City of London 001E,Suspect charged
6c1144e3aca031005aac7826561a011d7a8787915506eb4ac8289e22cfdff70c,2017-07,City of London Police,City of London Police,-0.083993,51.511440,On or near PHILPOT LANE,E01032739,City of London 001F,Suspect charged
2585fde482446794fdc9bcc0c325fcfeb8e8701b4154cca4b8ea868e765e231a,2017-07,City of London Police,City of London Police,-0.081091,51.516014,On or near CAMOMILE STREET,E01032739,City of London 001F,Local resolution
7ef23848d57ae4767c77c319a5a1df207c4359cd1441b3101652756e41063c38,2017-07,City of London Police,City of London Police,-0.096511,51.511922,On or near QUEEN VICTORIA STREET,E01032739,City of London 001F,Local resolution
fc6bc43359b30ebe54956c42c65735f5f1a1572a20d6aac8ab5f9468a5b1033b,2017-07,City of London Police,City of London Police,-0.079786,51.517576,On or near Police Station,E01032739,City of London 001F,Local resolution
75aa63811f7945f36355082076a000e5ee612774fcf2c007852e9aa37d45d8c7,2017-07,City of London Police,City of London Police,-0.108283,51.517526,On or near Supermarket,E01032740,City of London 001G,Suspect charged
93e63fe00a2c90420a19f58434ae0cf33e183bfae3d1c3abd91ba6ed4e6a24a1,2017-07,City of London Police,City of London Police,-0.108283,51.517526,On or near Supermarket,E01032740,City of London 001G,Suspect charged
850d91575e37aef7513acb4557b32fce90550f69fdd8235cfaea99236b1d32cd,2017-07,City of London Police,City of London Police,-0.110710,51.513914,On or near FLEET STREET,E01032740,City of London 001G,Suspect charged
a6cebc5238ed734afbb46c58974bc1b3a9a1268d5ba0807f6926347289b850e5,2017-07,City of London Police,City of London Police,-0.086278,51.509876,On or near FISH STREET HILL,E01032739,City of London 001F,Suspect charged
cb5d156027905fde2dcf766c1a68476f85b003e3527d2e3c7cc27efb4bfd7ff0,2017-07,City of London Police,City of London Police,-0.086278,51.509876,On or near FISH STREET HILL,E01032739,City of London 001F,Suspect charged
2b2cab0bb43bed473167881775240367907a138501efd93c045a6adb0bf5a793,2017-07,City of London Police,City of London Police,,,No location,,,Suspect charged
686412e661ac81fa1df5050db3bdbbcbf4eec3baa36f2ae4223a951fa81259c6,2017-07,City of London Police,City of London Police,-0.081620,51.516814,On or near ALDERMAN'S WALK,E01032739,City of London 001F,Local resolution
7e80a3160af9de57a0069afdd2e3011d27e992541cbad08bf7e34081e4aa3235,2017-07,City of London Police,City of London Police,-0.082913,51.513463,On or near LEADENHALL STREET,E01032739,City of London 001F,Local resolution
6f574d6f774ed829f1117be7492c8033fb3bad3c87fd2cbe6cd722d91f1050c1,2017-07,City of London Police,City of London Police,-0.079786,51.517576,On or near Police Station,E01032739,City of London 001F,Offender given a caution
6a683d1e2e2d3a10803d5efef31aca8289270ea82c7b1361ab83c507df77b3e4,2017-07,City of London Police,City of London Police,-0.077029,51.510148,On or near TRINITY SQUARE,E01004293,Tower Hamlets 027B,Offender given a caution
1b3e8fd96f939aec98339bd570fadca505c771c2d79ad460fcfa99fb0d40d7e9,2017-07,City of London Police,City of London Police,-0.094468,51.521853,On or near GOLDEN LANE,E01000003,City of London 001C,Offender given a caution
211fd0e57d93d3033192f17f8f690046395e4b22790918dad94c3d05e0a21e98,2017-07,City of London Police,City of London Police,-0.089698,51.511812,On or near OXFORD COURT,E01032739,City of London 001F,Local resolution
b41d31c6bd5bd29a9e87df9588a894f3322240ea7b53878dcb28990f01aa5b45,2017-07,City of London Police,City of London Police,-0.086393,51.510894,On or near EASTCHEAP,E01032739,City of London 001F,Offender given penalty notice
c8b881ab1b8dd1371c8fc1ed202ae7c134b92f18b52982a56d4ad621380df26a,2017-07,City of London Police,City of London Police,-0.080376,51.517244,On or near Supermarket,E01032739,City of London 001F,Offender given a caution
5d68a137172b11425a84483d015915a00a902f991a285d53b07e87a0fff8ba90,2017-07,City of London Police,City of London Police,-0.077224,51.516122,On or near Shopping Area,E01000005,City of London 001E,Offender given a caution
59cbb941298e6ad894c350650ee8a7598267e2f3ca1d629514e3860aeb8fec33,2017-07,City of London Police,City of London Police,-0.099716,51.511435,On or near WHITE LION HILL,E01032739,City of London 001F,Local resolution
a65c4073168511a61879f36d01884ab1d313beb14b864c197e6530ea7a61427b,2017-07,City of London Police,City of London Police,-0.086278,51.509876,On or near FISH STREET HILL,E01032739,City of London 001F,Offender given a caution
f8e4fc38411f8d58be10855f09a2c6490b60a9dfe26c68483507ea86bd040a49,2017-07,City of London Police,City of London Police,-0.093919,51.519812,On or near Parking Area,E01000002,City of London 001B,Offender given a drugs possession warning
336252cdd1658020e32d55678cec6f4c7c69e898fcb6f8dccf04541ba13b6a1b,2017-07,City of London Police,City of London Police,-0.080376,51.517244,On or near Supermarket,E01032739,City of London 001F,Local resolution
6ccf005ce3af6c68415d8ffc4427e933deaf88a0c861f742798ce5637137d8d5,2017-07,City of London Police,City of London Police,-0.080318,51.520678,On or near PRIMROSE STREET,E01032739,City of London 001F,Offender given a caution
763f3632928c79fde3bc8ca76ba70be1ef7c3db943c166c9fe602f8a40873490,2017-07,City of London Police,City of London Police,-0.084618,51.512682,On or near GRACECHURCH STREET,E01032739,City of London 001F,Offender given a drugs possession warning
485476e2b20c5677ed02b5f5a162735546e115ae2f1fadedca6d40235657a1ab,2017-07,City of London Police,City of London Police,-0.096363,51.513377,On or near NEW CHANGE,E01032739,City of London 001F,Offender given a caution
f5705929e59f813f0b2b42ef988895ebe30a83760ff63321039693fb891ba04d,2017-07,City of London Police,City of London Police,-0.098777,51.512526,On or near KNIGHTRIDER STREET,E01032739,City of London 001F,Offender given a drugs possession warning
efc9e6ab9e0797e3fd96e9eab555aeb72ba8091149ffec2acbff555c0bfcb6be,2017-07,City of London Police,City of London Police,-0.098777,51.512526,On or near KNIGHTRIDER STREET,E01032739,City of London 001F,Offender given a drugs possession warning
18647bb057808f238bfa28081c1979afa60a854f95494cb0845f8e2e56d3f18a,2017-07,City of London Police,City of London Police,-0.098777,51.512526,On or near KNIGHTRIDER STREET,E01032739,City of London 001F,Offender given penalty notice
dfe541f49c4d30229a0ea61f60e4af2203f489906fdaee76e3db9c037e0211d7,2017-07,City of London Police,City of London Police,-0.082965,51.516351,On or near WORMWOOD STREET,E01032739,City of London 001F,Offender given a caution
05ba06e646804f7ecb5dbb449a2ca99e95d46e82bf647c1dfef61a4940ed0203,2017-07,City of London Police,City of London Police,-0.080376,51.517244,On or near Supermarket,E01032739,City of London 001F,Offender given a caution
76ff39408e2fd42fb8df4794582eea26e09bc4a1cf918e0564675140644f5182,2017-07,City of London Police,City of London Police,,,No location,,,Offender given a caution
4e32f0a92f417caf9273bd73f22e8651e4e5dae9e54354015d45156f06c96480,2017-07,City of London Police,City of London Police,-0.086278,51.509876,On or near FISH STREET HILL,E01032739,City of London 001F,Offender given a drugs possession warning
122a6207e8a40b877dfe712609c635a764e6b4b6157f2a7a4b137f98bbda97dc,2017-07,City of London Police,City of London Police,-0.086624,51.511923,On or near CLEMENT'S LANE,E01032739,City of London 001F,Local resolution
ba82ef8386901a3e184d38c853c71c22049a6d1dc46d40dd30ea3252c6b850c9,2017-07,City of London Police,City of London Police,-0.094720,51.514420,On or near WOOD STREET,E01032739,City of London 001F,Offender given a drugs possession warning
6aa97b52f0452d308f9dc620fd6cab81c962e86c4ba5b957f84a885f9615eb0d,2017-07,City of London Police,City of London Police,,,No location,,,Formal action is not in the public interest
e12116b6bd6f98906f227f753ed9431fe9143172fd1a53f7d3b2a5bc9e54089c,2017-07,City of London Police,City of London Police,-0.111242,51.516738,On or near TOOK'S COURT,E01032740,City of London 001G,Investigation complete; no suspect identified
e150d51583ee5adc26837c7e13eec4add10219dfd675e77ab5eb510dd5727af6,2017-07,City of London Police,City of London Police,-0.080234,51.516855,On or near DEVONSHIRE ROW,E01032739,City of London 001F,Unable to prosecute suspect
c4a0a99b16e1d66ee0e04d540061a02344a379ef81446cf8c84a03427ecda010,2017-07,City of London Police,City of London Police,-0.097601,51.520699,On or near CARTHUSIAN STREET,E01000001,City of London 001A,Investigation complete; no suspect identified
8219c55216e15b400e6f9f50b40a498d7d7828ef14b49bfd13212170225db38b,2017-07,City of London Police,City of London Police,-0.084095,51.516900,On or near NEW BROAD STREET,E01032739,City of London 001F,Unable to prosecute suspect
73d56e4239bd277269c19a46fe92db4a5f7c0e9c9595985e840743397dd9ff49,2017-07,City of London Police,City of London Police,-0.090142,51.514292,On or near Conference/Exhibition Centre,E01032739,City of London 001F,Unable to prosecute suspect
ecee1d4eeb77bb9c06749771fe0866ef9ec4ec385825bcadbbec063cce9f9437,2017-07,City of London Police,City of London Police,-0.078393,51.515728,On or near CLOTHIER STREET,E01000005,City of London 001E,Investigation complete; no suspect identified
dd44a52373fd4a341f53f8ad558eaa4bd53592181e76014ee06491af831d89b5,2017-07,City of London Police,City of London Police,-0.086624,51.511923,On or near CLEMENT'S LANE,E01032739,City of London 001F,Offender given penalty notice
7b537c6fa62aba50539472f46ebd1288f7c6dce5bcc68b5d7afa02f41697eb0f,2017-07,City of London Police,City of London Police,-0.086393,51.510894,On or near EASTCHEAP,E01032739,City of London 001F,Offender given a caution
e6269635afb41caec9d3f3635b8f5b00972771a46c4591ff00218db91780a6b3,2017-07,City of London Police,City of London Police,-0.082571,51.514753,On or near GREAT ST HELEN'S,E01032739,City of London 001F,Offender given a drugs possession warning
0c98d7478752991ec3ea31395c5cd80a5d2441b085b95517ca699b62a0fa2d9e,2017-07,City of London Police,City of London Police,-0.100202,51.513268,On or near DEAN'S COURT,E01032739,City of London 001F,Local resolution
6f3f664496dea314d269c69965c5b12b0b6e52360beb691a548d780fce2f3977,2017-07,City of London Police,City of London Police,-0.096363,51.513377,On or near NEW CHANGE,E01032739,City of London 001F,Offender given a caution
e7044279b76c1331436aadae6d4a156d4bb45b36e06849a9ee61a46ab0a193a8,2017-07,City of London Police,City of London Police,-0.083296,51.517058,On or near OLD BROAD STREET,E01032739,City of London 001F,Offender given a caution
4ef2da4ac139071c28bd0d7087e7ec182698a0cf8cbc8e65023dbda21dac000f,2017-07,City of London Police,City of London Police,-0.082571,51.514753,On or near GREAT ST HELEN'S,E01032739,City of London 001F,Investigation complete; no suspect identified
1982df582afda6a0244036fc471f1e54a1b23cc32b625e8cc275a0ee8870fd4f,2017-07,City of London Police,City of London Police,-0.088042,51.511794,On or near ABCHURCH LANE,E01032739,City of London 001F,Investigation complete; no suspect identified
bff9c540f596fd6d4651d4923ab66f35358c5dc54c0eb617e0026feb8af35b1c,2017-07,City of London Police,City of London Police,-0.089698,51.511812,On or near OXFORD COURT,E01032739,City of London 001F,Investigation complete; no suspect identified
d83c5ae37b103b2a78255fb5ed4abee32b078c3f46685292f57357a86710f25a,2017-07,City of London Police,City of London Police,-0.077029,51.510148,On or near TRINITY SQUARE,E01004293,Tower Hamlets 027B,Unable to prosecute suspect
633ce156cf52413703aef21b2fd152b8b141bc04743c827604253490c2638905,2017-07,City of London Police,City of London Police,-0.079130,51.507808,On or near Ferry Terminal,E01004293,Tower Hamlets 027B,Investigation complete; no suspect identified
2a39ae042a2a96b1edaf6e00ead293f826de86e550313693992360acc8bde5a7,2017-07,City of London Police,City of London Police,-0.106680,51.515882,On or near Parking Area,E01032740,City of London 001G,Investigation complete; no suspect identified
f8486a99c3b01bce4225a4cb22702711fe7147e2029c2a316c38a595a6067c62,2017-07,City of London Police,City of London Police,-0.083506,51.509993,On or near ST MARY AT HILL,E01032739,City of London 001F,Investigation complete; no suspect identified
9c9b1ba803342693f8e32572bd23e3fd3f533a4eff5fd469997a6758cc791fed,2017-07,City of London Police,City of London Police,-0.104001,51.513051,On or near APOTHECARY STREET,E01032739,City of London 001F,Unable to prosecute suspect
46cadae637b0698875131bf97ab186d786969e753d87ccddd088c945538cec41,2017-07,City of London Police,City of London Police,-0.096561,51.514513,On or near CHEAPSIDE,E01032739,City of London 001F,Unable to prosecute suspect
b1f5f8e35980c477cf895ce8e620120287282d1d798ad39703c1c7652d04c01b,2017-07,City of London Police,City of London Police,-0.085257,51.511200,On or near TALBOT COURT,E01032739,City of London 001F,Unable to prosecute suspect
6e0179a77d7f9f77f265c6749cb7b7bdb26e4e43e13f50a9a5144743449d73ee,2017-07,City of London Police,City of London Police,-0.082811,51.510054,On or near IDOL LANE,E01032739,City of London 001F,Unable to prosecute suspect
f6e2fc92b1204a5952c73999d6d62dd3a652650b9f90876feb5e3cd498a687cc,2017-07,City of London Police,City of London Police,-0.105134,51.513869,On or near BRIDE LANE,E01032740,City of London 001G,Investigation complete; no suspect identified
e94ce6c656bd38ab5a953181e2ba161183f8fa4fccdc95df8c5b7ca670c5b3f1,2017-07,City of London Police,City of London Police,-0.081580,51.520510,On or near PINDAR STREET,E01032739,City of London 001F,Investigation complete; no suspect identified
41715abb63c8dca6dc649dfc7d617fb9059f6c3fc486ab860c243374b9e93e37,2017-07,City of London Police,City of London Police,-0.082571,51.514753,On or near GREAT ST HELEN'S,E01032739,City of London 001F,Formal action is not in the public interest
258fa64191ae4960069fb1b8d60ca4da0be785cb54685c384aeab20c4d5994e2,2017-07,City of London Police,City of London Police,-0.111599,51.524126,On or near MOUNT PLEASANT,E01002726,Islington 022F,Investigation complete; no suspect identified
afeb08e867bd131219fb546d2cf6fd4de8075ba241d27650b09e77084fa11c92,2017-07,City of London Police,City of London Police,-0.082527,51.512027,On or near CULLUM STREET,E01032739,City of London 001F,Investigation complete; no suspect identified
f788014e9efee5c56fc0b28078a4ca2b739deb3a48df3d1e9e23127fbfcfd9c1,2017-07,City of London Police,City of London Police,-0.084701,51.509320,On or near LOWER THAMES STREET,E01032739,City of London 001F,Investigation complete; no suspect identified
b0538d87a760b532ba72c203d563c07302c7a9db4492783b460fa3481dbcff33,2017-07,City of London Police,City of London Police,-0.084701,51.509320,On or near LOWER THAMES STREET,E01032739,City of London 001F,Investigation complete; no suspect identified
a90f67113f32fdc2595427bb37b05bc6a1c6816b07788a3b405fb478ed7bd99a,2017-07,City of London Police,City of London Police,-0.095400,51.515753,On or near Conference/Exhibition Centre,E01000002,City of London 001B,Investigation complete; no suspect identified
b16f5c0b2e631f10ca797ba01e2a377af950aff4b7802758e472899b68e54f7a,2017-07,City of London Police,City of London Police,-0.086728,51.510477,On or near KING WILLIAM STREET,E01032739,City of London 001F,Investigation complete; no suspect identified
bdc7da466d1eb2d5e6e197137b90feda9b59284fb9287044227df944d15852fb,2017-07,City of London Police,City of London Police,-0.086624,51.511923,On or near CLEMENT'S LANE,E01032739,City of London 001F,Investigation complete; no suspect identified
1a29d802fb1a900fb86eac7f3f4d638818729d877fd67312d37c8b8097f1a8cf,2017-07,City of London Police,City of London Police,-0.081832,51.514507,On or near UNDERSHAFT,E01032739,City of London 001F,Investigation complete; no suspect identified
9e45b5fea85901fe9d8f63ce4f55bd16eaca3dd947c46f5fb27e25b63749a806,2017-07,City of London Police,City of London Police,-0.084199,51.513394,On or near CORNHILL,E01032739,City of London 001F,Further investigation is not in the public interest
a2968ba890aaf4d31845d1944aeb09b2e58646d2f38eb0cb14bf6fa1085390cd,2017-07,City of London Police,City of London Police,-0.097645,51.515142,On or near ST MARTIN'S LE GRAND,E01032739,City of London 001F,Unable to prosecute suspect
bcc6f622c0463358488f93676251598f2d9928cc9dd7980aee3f38032cfd6ab8,2017-07,City of London Police,City of London Police,-0.081938,51.513007,On or near LIME STREET,E01032739,City of London 001F,Unable to prosecute suspect
7ceef5eed9e490865662ea5975913aac685a4dcc69d7c4b821c4852cfd1e4450,2017-07,City of London Police,City of London Police,-0.079786,51.517576,On or near Police Station,E01032739,City of London 001F,Investigation complete; no suspect identified
b0163de98caa74fbe4d36b62e715b731e6e0d7253be45329f410b63510196b12,2017-07,City of London Police,City of London Police,-0.084618,51.512682,On or near GRACECHURCH STREET,E01032739,City of London 001F,Investigation complete; no suspect identified
853d115f1d71472c50ce3af1e141cfc1793370c5e2f1c19ac8fa17f597e85431,2017-07,City of London Police,City of London Police,-0.098062,51.517577,On or near MONTAGUE STREET,E01000001,City of London 001A,Investigation complete; no suspect identified
5bf306677a73b6aa6fc70e36657d0ba82df52cdd7ac91b69c56b0d00d9780748,2017-07,City of London Police,City of London Police,-0.104281,51.516032,On or near BEAR ALLEY,E01032740,City of London 001G,Unable to prosecute suspect
9e54dff0bab9e8bb939fd727518e9730cb37902e358330f704711a0bfc213e37,2017-07,City of London Police,City of London Police,-0.079011,51.509614,On or near Pedestrian Subway,E01032739,City of London 001F,Investigation complete; no suspect identified
57384199b22348929f41b1fd56cb4b839bb5d8c3bac8628c3e118e2543f97c98,2017-07,City of London Police,City of London Police,-0.087760,51.517149,On or near LONDON WALL,E01032739,City of London 001F,Investigation complete; no suspect identified
dcb0961dc536f8d625d0cb849f7606dbf27fdd739748ea67ba880bffabe61542,2017-07,City of London Police,City of London Police,-0.092296,51.511386,On or near COLLEGE HILL,E01032739,City of London 001F,Unable to prosecute suspect
a251e868d57e77a656ab8bb9fe34fe3808dc91b37647f67eca0d1db173cf7fef,2017-07,City of London Police,City of London Police,-0.109709,51.517909,On or near HIGH HOLBORN,E01032740,City of London 001G,Investigation complete; no suspect identified
78ca8f285933777d95b38c78c5a7ec1b3d93b817d0d601f90faf2106ad53af28,2017-07,City of London Police,City of London Police,-0.080376,51.517244,On or near Supermarket,E01032739,City of London 001F,Unable to prosecute suspect
e64fc76a3b485955b2ae8eacf57b9089ce9116a36815a690367c1ce4c9c906f4,2017-07,City of London Police,City of London Police,-0.112519,51.517568,On or near SOUTHAMPTON BUILDINGS,E01032740,City of London 001G,Investigation complete; no suspect identified
09f667a6a42a5fe6c45898af11155c36561a635445c8add94981a40840622066,2017-07,City of London Police,City of London Police,-0.091720,51.513454,On or near Supermarket,E01032739,City of London 001F,Investigation complete; no suspect identified
44fbf0bc797c893369c121604dc6c67ca04528a79bfe46d93f3a8b19dc6529c8,2017-07,City of London Police,City of London Police,-0.080665,51.509344,On or near Pedestrian Subway,E01032739,City of London 001F,Investigation complete; no suspect identified
73023c1643478840aa6f80aaad93115f10bfb1123e1b5d3fa885f91f2e9547ba,2017-07,City of London Police,City of London Police,-0.102741,51.513885,On or near PAGEANTMASTER COURT,E01032740,City of London 001G,Investigation complete; no suspect identified
39b47f7cc0041f473dd77d22009abed81d6135dc3713eff79a52748a832402f1,2017-07,City of London Police,City of London Police,-0.092517,51.520580,On or near WHITECROSS STREET,E01000002,City of London 001B,Investigation complete; no suspect identified
47bc3a6393a27fd5fc258134325c840516aa79a94f3de473dcbfd8e735c2f6cc,2017-07,City of London Police,City of London Police,-0.091823,51.514418,On or near IRONMONGER LANE,E01032739,City of London 001F,Unable to prosecute suspect
efeaf2b8efa6b2980fabcdfbc0d8518e5635f4f72b5a2955dc4f8d72694d717a,2017-07,City of London Police,City of London Police,-0.077224,51.516122,On or near Shopping Area,E01000005,City of London 001E,Unable to prosecute suspect
f892f79fdfdcc1f741a4d09f1081e19ae19be6c24d97190d50a87e3be05612c1,2017-07,City of London Police,City of London Police,,,No location,,,Further investigation is not in the public interest
0571bd3d845289100c61013d406c995aa1267ca867c13bba163db765252b6d80,2017-07,City of London Police,City of London Police,-0.108018,51.511749,On or near TEMPLE AVENUE,E01032740,City of London 001G,Investigation complete; no suspect identified
d80e0558a94eb06a44b64d5e15d056a37c7de2ef6ad2f945ba481244d7ed2aa6,2017-07,City of London Police,City of London Police,-0.093493,51.513447,On or near BOW LANE,E01032739,City of London 001F,Investigation complete; no suspect identified
566a467edbf87312b27dc0b1d3ef85cf4857b279fa2215a91e5402d20c54b6eb,2017-07,City of London Police,City of London Police,-0.076459,51.513061,On or near Further/Higher Educational Building,E01000005,City of London 001E,Investigation complete; no suspect identified
617783caeaf32dfd74e580daf216f5a6cfd9a3a8b0fec84c22a3b4b6e0fe7ede,2017-07,City of London Police,City of London Police,-0.079786,51.517576,On or near Police Station,E01032739,City of London 001F,Investigation complete; no suspect identified
0a5be5bdb90743a3bd3d1c9988172b46cd2e741cf3cfa55e34500dac9ebf27b5,2017-07,City of London Police,City of London Police,-0.092625,51.513865,On or near CHEAPSIDE,E01032739,City of London 001F,Investigation complete; no suspect identified
5f9db0064b5040e326195a0bb52f7a773a4b9e699a04d87c98795d0ac3fbe56b,2017-07,City of London Police,City of London Police,-0.089364,51.515331,On or near KING'S ARMS YARD,E01032739,City of London 001F,Investigation complete; no suspect identified
44a0bc7f4774a0ee6c84d600bb3ad1a15089d3a4c03b93d67e4881afa6244d3f,2017-07,City of London Police,City of London Police,-0.085310,51.518511,On or near ELDON STREET,E01032739,City of London 001F,Investigation complete; no suspect identified
c904279b538fe78e5717de17e9023a8fd33181c8f896a1ab6a7562d473ad1ecd,2017-07,City of London Police,City of London Police,-0.079875,51.510995,On or near HART STREET,E01032739,City of London 001F,Investigation complete; no suspect identified
e80a716e8004c6e455565b613ff65e4d9a9f9bcfaed4fec484ba0f0565696c50,2017-07,City of London Police,City of London Police,-0.096363,51.513377,On or near NEW CHANGE,E01032739,City of London 001F,Investigation complete; no suspect identified
705656ef69fa8f23b11125dba87fdb57007e498c0d885aa6e500de433d14840e,2017-07,City of London Police,City of London Police,-0.105134,51.513869,On or near BRIDE LANE,E01032740,City of London 001G,Investigation complete; no suspect identified
81154e5ef85f9979d76483a5b6836f7188158c235782e104ad8fade56f8c6dca,2017-07,City of London Police,City of London Police,-0.094758,51.512829,On or near Nightclub,E01032739,City of London 001F,Investigation complete; no suspect identified
44e0209815028ae16e38885857bc0bfe0ed10da5fe86e6ce58b10315dab70798,2017-07,City of London Police,City of London Police,-0.100593,51.520846,On or near CHARTERHOUSE MEWS,E01033490,Islington 022H,Investigation complete; no suspect identified
3b15f8dd544c47d924fbcb0fae69a424dfa01b433323e16ab22c0af7b0dbdec4,2017-07,City of London Police,City of London Police,-0.078308,51.518091,On or near WIDEGATE STREET,E01032739,City of London 001F,Investigation complete; no suspect identified
4e39f65bc8b25b4ff85648df829f52272297653b76fe3ca65755d8cfb9e8d61f,2017-07,City of London Police,City of London Police,-0.089435,51.511223,On or near BUSH LANE,E01032739,City of London 001F,Investigation complete; no suspect identified
fdebb6d982eb5a8a6d1ed4158fcc27efbf3ada1a0afa26393f66294240194bb7,2017-07,City of London Police,City of London Police,-0.099933,51.519720,On or near LINDSEY STREET,E01032740,City of London 001G,Investigation complete; no suspect identified
843d8eb9166df99dbe27fd7ffc8076307cc6b1acd34d8498ef58a555c35b2542,2017-07,City of London Police,City of London Police,-0.091258,51.514157,On or near FREDERICK'S PLACE,E01032739,City of London 001F,Unable to prosecute suspect
89effc6579458afc082ba968d679f0cd06655848c052693d8ceb62a755c6e7e7,2017-07,City of London Police,City of London Police,,,No location,,,Investigation complete; no suspect identified
07aeb52efc53a40bdc0fa0f049b3abd4dd19cb62105e3bf054cef4f3110128f5,2017-07,City of London Police,City of London Police,-0.086278,51.509876,On or near FISH STREET HILL,E01032739,City of London 001F,Unable to prosecute suspect
333bbf559950fa12b8c20bee5ef5284c9bf79c7a732eb4d6c0c8dc3545cbcda3,2017-07,City of London Police,City of London Police,-0.083150,51.510913,On or near ROOD LANE,E01032739,City of London 001F,Investigation complete; no suspect identified
b5803c8850eb2c08b9a320cf264201fd44ca853252b0c5e453dcb0e5dcad0e53,2017-07,City of London Police,City of London Police,-0.086764,51.510307,On or near FISH STREET HILL,E01032739,City of London 001F,Investigation complete; no suspect identified
bc30c30bcc229dcdd724ecc60b3dc00960820e54b4bb8810ecd8d779e1d44a8f,2017-07,City of London Police,City of London Police,-0.092517,51.520580,On or near WHITECROSS STREET,E01000002,City of London 001B,Investigation complete; no suspect identified
ab07361b87e1a318673fde41f9bbcbcbcd2a5088835b9a2461b73ac9ff35db3f,2017-07,City of London Police,City of London Police,-0.097562,51.518864,On or near Parking Area,E01000001,City of London 001A,Investigation complete; no suspect identified
4cad9370d895dacde247124c20231a0401d479b8b9f4612e4daf0229fdb82e32,2017-07,City of London Police,City of London Police,-0.088995,51.512088,On or near ST SWITHIN'S LANE,E01032739,City of London 001F,Investigation complete; no suspect identified
9ce39389111402f6b4e814762ebff6a31743980704ae9dc1d805d22f1213d0cd,2017-07,City of London Police,City of London Police,-0.075146,51.513435,On or near Bus/Coach Station,E01000005,City of London 001E,Unable to prosecute suspect
359b966a92092c4a768a4ca351a4e8b9fc4e6c69d020e8507c17e97d878a4922,2017-07,City of London Police,City of London Police,-0.096363,51.513377,On or near NEW CHANGE,E01032739,City of London 001F,Unable to prosecute suspect
d9130b4e6fce1a297e2b25e1630eb1f5bdf11f95fb75bf4687f6e7f4cf8a627f,2017-07,City of London Police,City of London Police,-0.109709,51.517909,On or near HIGH HOLBORN,E01032740,City of London 001G,Investigation complete; no suspect identified
a4fa0f0a231d2406585cc719fa2bb35eba63d931ee443130963a6bb242cc2e69,2017-07,City of London Police,City of London Police,-0.098062,51.517577,On or near MONTAGUE STREET,E01000001,City of London 001A,Investigation complete; no suspect identified
560edcf9c56a42e86c0f5dc5588fbbe0c371fc137418efa0032969f821784854,2017-07,City of London Police,City of London Police,-0.097601,51.520699,On or near CARTHUSIAN STREET,E01000001,City of London 001A,Investigation complete; no suspect identified
f18933eb827e5762cb345ca94fc53ceb561f032aca43197c90991ebad79bbf4a,2017-07,City of London Police,City of London Police,-0.097601,51.520699,On or near CARTHUSIAN STREET,E01000001,City of London 001A,Investigation complete; no suspect identified
95acc741c69c1dd65845baaee17ff94a29819550f59854a938a0edbad1ee66c7,2017-07,City of London Police,City of London Police,-0.077224,51.516122,On or near Shopping Area,E01000005,City of London 001E,Unable to prosecute suspect
5b118f9b71ef055a68ea9a8fee03a29e929a784424f75c08076b50f458d83645,2017-07,City of London Police,City of London Police,-0.094464,51.512959,On or near WATLING COURT,E01032739,City of London 001F,Investigation complete; no suspect identified
807d9fa29e9d7d801bf586617fc660c0430474ddae7213f0e6189fb35d78858c,2017-07,City of London Police,City of London Police,,,No location,,,Investigation complete; no suspect identified
c17abb2dd2cca80da008d2274c7d95503487f7f5e3896febe91b9769a8a3ae42,2017-07,City of London Police,City of London Police,-0.086624,51.511923,On or near CLEMENT'S LANE,E01032739,City of London 001F,Investigation complete; no suspect identified
530c83f17d9370a2b10a356237cf65944fef02696629f8415f9c9285fbe21008,2017-07,City of London Police,City of London Police,-0.092719,51.512652,On or near QUEEN VICTORIA STREET,E01032739,City of London 001F,Investigation complete; no suspect identified
0b7f170ab796e68b93efe33b5470593b97b4762ae98c2efce2b05dde55fc64b3,2017-07,City of London Police,City of London Police,-0.086051,51.513569,On or near FINCH LANE,E01032739,City of London 001F,Formal action is not in the public interest
7d9363944a5478ae13ffc4713b3a0ae33cf8cf77ca6e9e5c91705cc03c81bd47,2017-07,City of London Police,City of London Police,-0.078856,51.518433,On or near ARTILLERY LANE,E01032739,City of London 001F,Investigation complete; no suspect identified
19805dcbf953fe0c3c4615ceea2f4ba5d6ca13031368b2149a8e7ed582576da6,2017-07,City of London Police,City of London Police,-0.107147,51.517130,On or near ST ANDREW STREET,E01032740,City of London 001G,Investigation complete; no suspect identified
2f71e4e8be83324b2cdbccb2ba43231b07fccea5d41520ad580aee736e09f508,2017-07,City of London Police,City of London Police,-0.080322,51.510651,On or near MARK LANE,E01032739,City of London 001F,Investigation complete; no suspect identified
6ef7bd43244ba036b168aa92c5b03075360603b888c992bf2529315e49eae5a2,2017-07,City of London Police,City of London Police,-0.084618,51.512682,On or near GRACECHURCH STREET,E01032739,City of London 001F,Unable to prosecute suspect
f2dcd7eada1e415314b66a421ce1b5c16c90cf66829a69161b01993ee9de2b19,2017-07,City of London Police,City of London Police,-0.073254,51.512856,On or near MANSELL STREET,E01000005,City of London 001E,Investigation complete; no suspect identified
effbc710d55cf6d844107ab2a084ceebb47464331fe454dfad01478abeb9b488,2017-07,City of London Police,City of London Police,-0.094758,51.512829,On or near Nightclub,E01032739,City of London 001F,Investigation complete; no suspect identified
6985560b7b1c7aa13652e2006758883c012e294a044bbd63f18f61f713a951d3,2017-07,City of London Police,City of London Police,-0.097562,51.518864,On or near Parking Area,E01000001,City of London 001A,Investigation complete; no suspect identified
3e0e021d3a5c87d1c0af10617d2c908eb8360b6002f0c6bc0316a4bd5d63b9c7,2017-07,City of London Police,City of London Police,-0.090710,51.513132,On or near QUEEN VICTORIA STREET,E01032739,City of London 001F,Investigation complete; no suspect identified
4f22bdd905ab98ae5d0d848dd1aacd550868a2fe2fd73b2aca688d279955223a,2017-07,City of London Police,City of London Police,-0.074793,51.511208,On or near Pedestrian Subway,E01000005,City of London 001E,Investigation complete; no suspect identified
5120d6eec88c30ed084d2493abe56fa8da69d53ebe8143d6b3c58036446796aa,2017-07,City of London Police,City of London Police,-0.096363,51.513377,On or near NEW CHANGE,E01032739,City of London 001F,Investigation complete; no suspect identified
b33e7c61ecb3a6d93c1b7d9a079d288c0ff3feb89decdc29632f04d1694e814c,2017-07,City of London Police,City of London Police,-0.109826,51.516814,On or near NORWICH STREET,E01032740,City of London 001G,Investigation complete; no suspect identified
24b06b67f787ea722718c2367929be1a047211aee7352e1bc1c2ed0c207359c5,2017-07,City of London Police,City of London Police,-0.092625,51.513865,On or near CHEAPSIDE,E01032739,City of London 001F,Investigation complete; no suspect identified
b7b2f58c09fb04681b529fb90883c99e7fb7e92b874363153903249b17e6dfac,2017-07,City of London Police,City of London Police,-0.097562,51.518864,On or near Parking Area,E01000001,City of London 001A,Investigation complete; no suspect identified
15611e529e6e3e1fb80a396d0f44769917bfcdc95235fbb1e07b4ff988cfa7b3,2017-07,City of London Police,City of London Police,-0.079080,51.519615,On or near BISHOPSGATE,E01004307,Tower Hamlets 015B,Investigation complete; no suspect identified
ad426489057cc44444c397d0f6524db702be58e2d887036917b97e439e367a78,2017-07,City of London Police,City of London Police,-0.097645,51.515142,On or near ST MARTIN'S LE GRAND,E01032739,City of London 001F,Investigation complete; no suspect identified
689f3a7f4697552b4a4e46c28831b89d93fce38e536435f9c4bf05faf26cf8e7,2017-07,City of London Police,City of London Police,-0.084618,51.512682,On or near GRACECHURCH STREET,E01032739,City of London 001F,Investigation complete; no suspect identified
6e66153f62c1146b6c35f6cfd8e6c30eeebfb80917442f229fb3c6df6452ef00,2017-07,City of London Police,City of London Police,-0.084701,51.509320,On or near LOWER THAMES STREET,E01032739,City of London 001F,Investigation complete; no suspect identified
21eaa74d84a62c3cd3dd7dc217743ec66c5bbe0b5f182004dbddaaf93f4b1ffa,2017-07,City of London Police,City of London Police,-0.079786,51.517576,On or near Police Station,E01032739,City of London 001F,Investigation complete; no suspect identified
f0ab70eb745bd5e1cd91c7e9b2bd073b4447399ef33e59158e38c56cd7a030f7,2017-07,City of London Police,City of London Police,-0.082811,51.510054,On or near IDOL LANE,E01032739,City of London 001F,Investigation complete; no suspect identified
45579c28c8010348692a2119211b9cd64a84394e87f82ed06c62fd7335c94686,2017-07,City of London Police,City of London Police,-0.080318,51.520678,On or near PRIMROSE STREET,E01032739,City of London 001F,Investigation complete; no suspect identified
3dd33f420b7d69ba24490a60f757c5fe89f7535186d46814c3c96f0c7faab7cd,2017-07,City of London Police,City of London Police,-0.084967,51.512598,On or near BELL INN YARD,E01032739,City of London 001F,Investigation complete; no suspect identified
65515247d817e83caa2af99e9fb727c00f2bdbfe4c1fcd4e88a4ac9cbb9a2486,2017-07,City of London Police,City of London Police,-0.082571,51.514753,On or near GREAT ST HELEN'S,E01032739,City of London 001F,Investigation complete; no suspect identified
344a444d0947b965cc32342d7987509277e40e3717dd626c030bffcbab8f02d9,2017-07,City of London Police,City of London Police,-0.097645,51.515142,On or near ST MARTIN'S LE GRAND,E01032739,City of London 001F,Investigation complete; no suspect identified
bcef0e883ab759ec368f16f865cb72c61978c223d304087d3ad1be59016f9397,2017-07,City of London Police,City of London Police,-0.084566,51.517690,On or near BLOMFIELD STREET,E01032739,City of London 001F,Investigation complete; no suspect identified
12b822ec5becc6eb12693975eca2dcc6f1da54ffe666bbfeab968c3eefb4add1,2017-07,City of London Police,City of London Police,-0.104621,51.512692,On or near Supermarket,E01032740,City of London 001G,Investigation complete; no suspect identified
a8ac9bbcf62e79fbe96d0c502f87bd9359fcff62029d4f25c30021e72f100bb6,2017-07,City of London Police,City of London Police,-0.085355,51.510563,On or near PUDDING LANE,E01032739,City of London 001F,Investigation complete; no suspect identified
074d4e53a92250e9ad891b5125008639458168f32f538cdce783a2a26375331b,2017-07,City of London Police,City of London Police,-0.101055,51.513552,On or near CREED LANE,E01032739,City of London 001F,Investigation complete; no suspect identified
39539bacaa129ca665389e196b33fa4bfd930e091a88d70be75b571c03a7628c,2017-07,City of London Police,City of London Police,-0.092719,51.512652,On or near QUEEN VICTORIA STREET,E01032739,City of London 001F,Investigation complete; no suspect identified
4814bbb84d3afb9e5d7724513fb568390b573895652d11826a90ab93a89d6b27,2017-07,City of London Police,City of London Police,-0.102502,51.516165,On or near GREEN ARBOUR COURT,E01032740,City of London 001G,Investigation complete; no suspect identified
29c1de9e5deb9211bae933216aed03b4e952063e31a5ecdcb1c6378af64319c6,2017-07,City of London Police,City of London Police,-0.083242,51.512165,On or near LIME STREET,E01032739,City of London 001F,Investigation complete; no suspect identified
eff401421e6f82f23e7382950ed559ade8b723acdfd496f6b9719db854d424ed,2017-07,City of London Police,City of London Police,-0.078856,51.518433,On or near ARTILLERY LANE,E01032739,City of London 001F,Investigation complete; no suspect identified
fe5b2bdbd41070922eb46dd6825dde539e905239e6d08d58f93cb3e879df4803,2017-07,City of London Police,City of London Police,-0.097929,51.521810,On or near GLASSHOUSE YARD,E01033490,Islington 022H,Investigation complete; no suspect identified
78fb1cafcc98745d28704a80a96276b22c2553dedca9d3dcb33ed41fcd94e9f4,2017-07,City of London Police,City of London Police,-0.113767,51.517372,On or near STONE BUILDINGS,E01000914,Camden 028B,Investigation complete; no suspect identified
e9b78f0e09fb775bf9ba742f610566f24e9dbb853d30f3e9737fb5eeacc2e973,2017-07,City of London Police,City of London Police,-0.091732,51.521080,On or near Nightclub,E01002704,Islington 023D,Investigation complete; no suspect identified
d1b575d93fc9c1e94ad1ce0eda6bb7be4f5dfe37257a285c474a780d5db5058d,2017-07,City of London Police,City of London Police,-0.085173,51.518680,On or near FINSBURY AVENUE,E01032739,City of London 001F,Investigation complete; no suspect identified
4e6e5b0b649f9cbf966cf7b274719b56078ced4abe9435d0a32e3ebfb6f52360,2017-07,City of London Police,City of London Police,-0.100179,51.514158,On or near Shopping Area,E01032739,City of London 001F,Investigation complete; no suspect identified
1cadc94865ed0ecbd7fff39475f8799bef03e586878ba7c76d92d6ab04bb75b2,2017-07,City of London Police,City of London Police,-0.089040,51.512745,On or near MANSION HOUSE PLACE,E01032739,City of London 001F,Investigation complete; no suspect identified
9722daec2409e26d2490262808bd2db71114de2910b20f8fd244fd105b9faa5e,2017-07,City of London Police,City of London Police,-0.077601,51.518799,On or near STEWARD STREET,E01004307,Tower Hamlets 015B,Investigation complete; no suspect identified
33c86d846b690dcd7fe030b6d605b3f25adb8694783accdd49d8de072b64b957,2017-07,City of London Police,City of London Police,-0.095400,51.515753,On or near Conference/Exhibition Centre,E01000002,City of London 001B,Investigation complete; no suspect identified
0184b6fcaccac729719ea5f7ba393d729eb30697dc16732eb16c11a3e2775956,2017-07,City of London Police,City of London Police,-0.102930,51.518375,On or near WEST SMITHFIELD,E01032740,City of London 001G,Investigation complete; no suspect identified
a833c6a413a2363bb71750691f12d38b32f747878259e57066285be3ade26c89,2017-07,City of London Police,City of London Police,-0.074330,51.513647,On or near LITTLE SOMERSET STREET,E01000005,City of London 001E,Investigation complete; no suspect identified
d85886ad56fc4d616ecec3cba5073976758e340932937036c4ab5ffe90e4e668,2017-07,City of London Police,City of London Police,-0.078856,51.518433,On or near ARTILLERY LANE,E01032739,City of London 001F,Investigation complete; no suspect identified
9e3a9d670f883869899b8152c3c5899419a62bafb7edcb1898db587e082ce945,2017-07,City of London Police,City of London Police,-0.098148,51.517938,On or near ALBION WAY,E01032740,City of London 001G,Investigation complete; no suspect identified
11517cb4030aff42dbd624803e65aba956752cb1a918185455ea8b20451886ca,2017-07,City of London Police,City of London Police,,,No location,,,Unable to prosecute suspect
b5b5293827d0e7d67b04491974bba8a1f23ab34f806c3924c801edef080a5509,2017-07,City of London Police,City of London Police,-0.101055,51.513552,On or near CREED LANE,E01032739,City of London 001F,Investigation complete; no suspect identified
73c7297387eb026eb4433e50f4373a98b948f078cc881cd9a0f72f5c23fd9b47,2017-07,City of London Police,City of London Police,-0.079786,51.517576,On or near Police Station,E01032739,City of London 001F,Investigation complete; no suspect identified
72e369aba2bbaeb1f751cac74eb387fa4ed5f00a1045a5a6af70e19920e04b68,2017-07,City of London Police,City of London Police,-0.078308,51.518091,On or near WIDEGATE STREET,E01032739,City of London 001F,Investigation complete; no suspect identified
498ede3a6c36cb1448a94ed5280a84eec1c6a684ed4221f54c2e038f0881ab5f,2017-07,City of London Police,City of London Police,-0.081281,51.512528,On or near FENCHURCH AVENUE,E01032739,City of London 001F,Investigation complete; no suspect identified
17f562bb8ef7c5a60cf07b039a9b13c84014c188e0d54a44aaa7ae6c7a289e1c,2017-07,City of London Police,City of London Police,-0.105900,51.516966,On or near PLUMTREE COURT,E01032740,City of London 001G,Investigation complete; no suspect identified
507d84c949d2231c75af2314403abb1a3c81b4e3028710c7b3891784e0611dbe,2017-07,City of London Police,City of London Police,-0.088995,51.512088,On or near ST SWITHIN'S LANE,E01032739,City of London 001F,Investigation complete; no suspect identified
62489aac7da7e1b1f03597f1a138f798f3664157c8f439cc8df622e6acf90269,2017-07,City of London Police,City of London Police,-0.081620,51.516814,On or near ALDERMAN'S WALK,E01032739,City of London 001F,Investigation complete; no suspect identified
085d32936e9bac139f75620825a0d377f7979e8754c51ea10e8bf0cae7a1387a,2017-07,City of London Police,City of London Police,-0.077224,51.516122,On or near Shopping Area,E01000005,City of London 001E,Investigation complete; no suspect identified
852c2ddfb1097961171423fc9d9b1447ba04ae8d0e47babbf700b66de20109be,2017-07,City of London Police,City of London Police,-0.091732,51.521080,On or near Nightclub,E01002704,Islington 023D,Investigation complete; no suspect identified
303641f2fd5c041210714384c35191267a77b18d7464d9a0cf0b54706dc7a45e,2017-07,City of London Police,City of London Police,-0.097645,51.515142,On or near ST MARTIN'S LE GRAND,E01032739,City of London 001F,Investigation complete; no suspect identified
86a39b170c8aac8ecec7d56388ba5fb8727111ce5dd12f89abd859091f5efc4d,2017-07,City of London Police,City of London Police,-0.092517,51.520580,On or near WHITECROSS STREET,E01000002,City of London 001B,Investigation complete; no suspect identified
9581c2416835094771bd78f5a57b65b61c504e0b239528f4c7ce52613c4aa703,2017-07,City of London Police,City of London Police,-0.084967,51.512598,On or near BELL INN YARD,E01032739,City of London 001F,Investigation complete; no suspect identified
d5f2756be7fe341f828e6ac0d7fe84566af44912400385995c578afab9085071,2017-07,City of London Police,City of London Police,-0.073065,51.511180,On or near GOODMAN'S YARD,E01000005,City of London 001E,Investigation complete; no suspect identified
b819cd1da42835b3c352f586b50863485245c072eb3931fa3573e3e6826530a9,2017-07,City of London Police,City of London Police,-0.105134,51.513869,On or near BRIDE LANE,E01032740,City of London 001G,Investigation complete; no suspect identified
6261ace60a679d043c2824c33cecb31e02b40ab7e244e9b0b7fca274214b8d29,2017-07,City of London Police,City of London Police,-0.081580,51.520510,On or near PINDAR STREET,E01032739,City of London 001F,Investigation complete; no suspect identified
1e37580bb9fb340b870f40f746a7b4a0632e55a13a6be8a4dc5231d6678ebf75,2017-07,City of London Police,City of London Police,-0.111132,51.512420,On or near MIDDLE TEMPLE LANE,E01032740,City of London 001G,Investigation complete; no suspect identified
f169687cdc0db7d0a714b8ca834c6823975ff991f5396e348eae7d9247322c9e,2017-07,City of London Police,City of London Police,-0.077601,51.518799,On or near STEWARD STREET,E01004307,Tower Hamlets 015B,Investigation complete; no suspect identified
e364aae95003aabe8c4cbd08c461ee9aec5078b8e7996c30523acc0f3b869b6c,2017-07,City of London Police,City of London Police,-0.100593,51.520846,On or near CHARTERHOUSE MEWS,E01033490,Islington 022H,Investigation complete; no suspect identified
bf76433ffbc9acb06eebd35fddbaafb78d70dc1decf3710b7d19fe46559cfd67,2017-07,City of London Police,City of London Police,-0.099818,51.519017,On or near CLOTH FAIR,E01032740,City of London 001G,Investigation complete; no suspect identified
dce55efb5039c8c7fa96fe10bff35de56d8535a147decde87286b7714cbb514a,2017-07,City of London Police,City of London Police,-0.079786,51.517576,On or near Police Station,E01032739,City of London 001F,Investigation complete; no suspect identified
f7ddf7ef6e2657b10cd3baf44f780b5124cfac6ef22ec11ed6ef934d43396f87,2017-07,City of London Police,City of London Police,-0.079786,51.517576,On or near Police Station,E01032739,City of London 001F,Investigation complete; no suspect identified
a279410e0d00de41131ad53f9f7582cda2d8b9620a8ab2c6cd7f9a13025a78f5,2017-07,City of London Police,City of London Police,-0.079130,51.507808,On or near Ferry Terminal,E01004293,Tower Hamlets 027B,Investigation complete; no suspect identified
c24b3e0fbdb4db8fbe4a14e01a0ebe673b3d8a077136d46b6bcc380d9a50e5b0,2017-07,City of London Police,City of London Police,-0.097562,51.518864,On or near Parking Area,E01000001,City of London 001A,Investigation complete; no suspect identified
842fba4298318567682c0a2310f63bcc7edec9f01c5c260cfc5df0e7baef97c8,2017-07,City of London Police,City of London Police,-0.111242,51.516738,On or near TOOK'S COURT,E01032740,City of London 001G,Investigation complete; no suspect identified
e9ee692895b7b3ba5a73720f3ba1ae492cfb69d225568769deeb7dbdfa17ae72,2017-07,City of London Police,City of London Police,-0.097645,51.515142,On or near ST MARTIN'S LE GRAND,E01032739,City of London 001F,Investigation complete; no suspect identified
2e42f8c639399ec69620ef11807653e19dc720f87c50a764e2407bab48a580c6,2017-07,City of London Police,City of London Police,-0.082571,51.514753,On or near GREAT ST HELEN'S,E01032739,City of London 001F,Investigation complete; no suspect identified
e1f3d93aa4ccb48ed4df825d4a9275ea2f7c6554f7821041cd49f4c5173dba7f,2017-07,City of London Police,City of London Police,-0.093558,51.516703,On or near Police Station,E01000002,City of London 001B,Investigation complete; no suspect identified
e0da6ce2a5804d458c80df1f0d4cf0f317c9b098be7b328211b0028959a3c2fe,2017-07,City of London Police,City of London Police,-0.095381,51.521391,On or near VISCOUNT STREET,E01000003,City of London 001C,Investigation complete; no suspect identified
c7c9cfa92782e484705c121815cfb47ed8c68698205707a625ce5413ee7bbb37,2017-07,City of London Police,City of London Police,-0.096363,51.513377,On or near NEW CHANGE,E01032739,City of London 001F,Investigation complete; no suspect identified
e5fec5257d81c555a9a5aafbeca6299d3984905116ae8b0accda8e9a60bac1f4,2017-07,City of London Police,City of London Police,-0.080146,51.514848,On or near BURY COURT,E01032739,City of London 001F,Investigation complete; no suspect identified
b097c388c7dd20883abc98091fc9c7ab05c6e3ff3b8bb5d229c730b3567bed04,2017-07,City of London Police,City of London Police,-0.079786,51.517576,On or near Police Station,E01032739,City of London 001F,Investigation complete; no suspect identified
6a9cf7799e640df04ad06d7e20b041cb8a90719b84e70624319f9ab02fd812d6,2017-07,City of London Police,City of London Police,-0.104300,51.511761,On or near Pedestrian Subway,E01032740,City of London 001G,Investigation complete; no suspect identified
eb48cb0802fdfc8f7ea39baa73190c70f7de3a10e7ae79f1603e1e749c0927fb,2017-07,City of London Police,City of London Police,-0.111132,51.512420,On or near MIDDLE TEMPLE LANE,E01032740,City of London 001G,Investigation complete; no suspect identified
2218f35bb19b0c72572d5a53bd9691577dfe671ae11c0852bf6794a6b1ebf835,2017-07,City of London Police,City of London Police,-0.079786,51.517576,On or near Police Station,E01032739,City of London 001F,Investigation complete; no suspect identified
72f31308e67afb580e6f383432f8d7357059299da784e84b5479cfd6fbc7a467,2017-07,City of London Police,City of London Police,-0.112939,51.518231,On or near SOUTHAMPTON BUILDINGS,E01032740,City of London 001G,Investigation complete; no suspect identified
bfa89641ddf27b41f16f6af986fec49ac29c0e6a1ddff8d1f4e01025c0704d2d,2017-07,City of London Police,City of London Police,-0.104001,51.513051,On or near APOTHECARY STREET,E01032739,City of London 001F,Investigation complete; no suspect identified
652e35d679e44fa57bdbe859d7bf200c8028f360ca25814eb7fd4afb8cd3c0c2,2017-07,City of London Police,City of London Police,-0.090710,51.513132,On or near QUEEN VICTORIA STREET,E01032739,City of London 001F,Investigation complete; no suspect identified
44e9b420f1b0e1c0d41b42b48c18e61788b4c28d808e57250fe3eb1deb3dc3f5,2017-07,City of London Police,City of London Police,-0.104281,51.516032,On or near BEAR ALLEY,E01032740,City of London 001G,Investigation complete; no suspect identified
3f474b5fc7f202a63b8a6a142784beb4132ea4f114314f433bef6edf2d440047,2017-07,City of London Police,City of London Police,-0.084618,51.512682,On or near GRACECHURCH STREET,E01032739,City of London 001F,Investigation complete; no suspect identified
af7456db9af56a68bb0854244d8935b75cf7486106bbfdd7bb369626d1108c80,2017-07,City of London Police,City of London Police,-0.083086,51.511407,On or near ROOD LANE,E01032739,City of London 001F,Investigation complete; no suspect identified
817373ed8360706d5fb8d65aa21febc27295eb5f4a2441d471569738cd231fa8,2017-07,City of London Police,City of London Police,-0.084723,51.514986,On or near Conference/Exhibition Centre,E01032739,City of London 001F,Investigation complete; no suspect identified
79556bc1fb6ed946af954a6f3d52dcf0a37f79c18b2264e941af4071c58a180b,2017-07,City of London Police,City of London Police,-0.077601,51.518799,On or near STEWARD STREET,E01004307,Tower Hamlets 015B,Investigation complete; no suspect identified
62570be73c98e88c23acb463bc71dff62da274304f69c80b7a58695e9d1883f2,2017-07,City of London Police,City of London Police,-0.100179,51.514158,On or near Shopping Area,E01032739,City of London 001F,Investigation complete; no suspect identified
d9cdfea875f4e6c2260bb3562b1220790d6044ddaa1a683799fd458b4f954f9e,2017-07,City of London Police,City of London Police,-0.082571,51.514753,On or near GREAT ST HELEN'S,E01032739,City of London 001F,Unable to prosecute suspect
f7bb18df26605dbe56885ba7c37b68bde033669af0b81e868a41021129e270a6,2017-07,City of London Police,City of London Police,-0.111974,51.513683,On or near FLEET STREET,E01004735,Westminster 018B,Investigation complete; no suspect identified
45e576363a3b5fd5724e6fda3f968ddbec8ce9e051073dd33bb236ff1543b060,2017-07,City of London Police,City of London Police,-0.077578,51.510795,On or near PEPYS STREET,E01032739,City of London 001F,Investigation complete; no suspect identified
5527efe211e66502cda21b7cbbf72064281948b654f38d4df1d06e23372ac768,2017-07,City of London Police,City of London Police,-0.104252,51.516733,On or near Supermarket,E01032740,City of London 001G,Investigation complete; no suspect identified
08429f5b1cd1f3a7f71c285bfc98c2aaa225e0385c1ff94d01bed15029a9d846,2017-07,City of London Police,City of London Police,-0.093493,51.513447,On or near BOW LANE,E01032739,City of London 001F,Investigation complete; no suspect identified
124e2ae526d26846bb9771e0c980db36e6420b55805f6d4a53e19529e73c7d38,2017-07,City of London Police,City of London Police,-0.074210,51.511711,On or near PORTSOKEN STREET,E01000005,City of London 001E,Investigation complete; no suspect identified
11815e8cdeac4b0be4c70339e8bcb2e59c090726a757432bef87aa761dca2bc0,2017-07,City of London Police,City of London Police,-0.084618,51.512682,On or near GRACECHURCH STREET,E01032739,City of London 001F,Investigation complete; no suspect identified
893e63095a3c5a05e69d4a238cd9692d427cfa8dbdb036014b659546d0a21040,2017-07,City of London Police,City of London Police,-0.085257,51.511200,On or near TALBOT COURT,E01032739,City of London 001F,Investigation complete; no suspect identified
05aaa538018d196bd6eefbd0ffccf2197970f70b6c9f596e2b170dc426f56007,2017-07,City of London Police,City of London Police,-0.087118,51.513199,On or near Nightclub,E01032739,City of London 001F,Unable to prosecute suspect
336cf21b450eec23d65710a3269816e38306fd901edd50154475960a1e0551ea,2017-07,City of London Police,City of London Police,-0.081938,51.513007,On or near LIME STREET,E01032739,City of London 001F,Investigation complete; no suspect identified
01fcc3e8ecb43b6e94293ec1f1432ee78e8da54f81f37efaab9f8497061226a8,2017-07,City of London Police,City of London Police,-0.084566,51.517690,On or near BLOMFIELD STREET,E01032739,City of London 001F,Investigation complete; no suspect identified
ed962ca1bed849c832288acd98bb15bac0fe7b1485a3a30ef299e74d4b392638,2017-07,City of London Police,City of London Police,-0.079786,51.517576,On or near Police Station,E01032739,City of London 001F,Investigation complete; no suspect identified
a283c38115b55c642c378dac02e92fca5110b3cdb8158ac60344589692da55bb,2017-07,City of London Police,City of London Police,-0.082571,51.514753,On or near GREAT ST HELEN'S,E01032739,City of London 001F,Investigation complete; no suspect identified
9870c5c7fd8076ff098c7a1a4a32a9ec33f14f8c3f4b0e1d15584313bd5036ae,2017-07,City of London Police,City of London Police,-0.088203,51.518262,On or near MOORGATE,E01032739,City of London 001F,Investigation complete; no suspect identified
1e0ca1131405158cd4e96440d2ce28fd2eb1e18f857cc515e2cd3326372cfd3f,2017-07,City of London Police,City of London Police,-0.097562,51.518864,On or near Parking Area,E01000001,City of London 001A,Investigation complete; no suspect identified
430ff0baa1750638977b8a96c2de6fe0daefacf4bd67df6ca571a7063c062646,2017-07,City of London Police,City of London Police,-0.105134,51.513869,On or near BRIDE LANE,E01032740,City of London 001G,Investigation complete; no suspect identified
be9ff4b9cb7391281ef58b047681d991d2f3bdcd4b4f85171e56931789fbddce,2017-07,City of London Police,City of London Police,,,No location,,,Investigation complete; no suspect identified
31f588cf06ff3216795097df211317a6bb0e0bfb8c56fdc6d814c7b94a0afb37,2017-07,City of London Police,City of London Police,-0.082571,51.514753,On or near GREAT ST HELEN'S,E01032739,City of London 001F,Investigation complete; no suspect identified
9436202512d29263ea7ebb8300b8951c50d2fb69fae5b343c2075465a4804a97,2017-07,City of London Police,City of London Police,-0.079786,51.517576,On or near Police Station,E01032739,City of London 001F,Investigation complete; no suspect identified
2b6a0a0ac3198af93bebce216059758e3c835c83014356f1354b234b2afbeb44,2017-07,City of London Police,City of London Police,-0.079130,51.507808,On or near Ferry Terminal,E01004293,Tower Hamlets 027B,Investigation complete; no suspect identified
308c9d5c480e7daf5ef41bc4c7f5cc67faf29339f3ba3aaf0c21705638f1894a,2017-07,City of London Police,City of London Police,-0.085149,51.517196,On or near BLOMFIELD STREET,E01032739,City of London 001F,Investigation complete; no suspect identified
91ee49b0f5a0ad3d05423f3773b3e65fabcfbff4624a6beda40d6d32c92a4b16,2017-07,City of London Police,City of London Police,-0.079786,51.517576,On or near Police Station,E01032739,City of London 001F,Investigation complete; no suspect identified
6fda27257bb7271627325ed5a05558771fd5f208d2c98d18f3a8dbf94cfbe737,2017-07,City of London Police,City of London Police,-0.086278,51.509876,On or near FISH STREET HILL,E01032739,City of London 001F,Investigation complete; no suspect identified
75e6a06bf339b1a7354561f2e360defbbc6022eb66aec96fd80d7eca30daf8a2,2017-07,City of London Police,City of London Police,-0.082571,51.514753,On or near GREAT ST HELEN'S,E01032739,City of London 001F,Investigation complete; no suspect identified
1ed960cb95f806cacbe42039094a2d460d3834edddac0067a94b27e291bac8be,2017-07,City of London Police,City of London Police,-0.102930,51.518375,On or near WEST SMITHFIELD,E01032740,City of London 001G,Investigation complete; no suspect identified
cafe1fd68d5687073500ab9682b5a2bf5934f375fcb8a1922a44375187f4d8cd,2017-07,City of London Police,City of London Police,-0.083086,51.511407,On or near ROOD LANE,E01032739,City of London 001F,Investigation complete; no suspect identified
7800faaace22c146df297909c0cda98c90d81fb80b4ad05fb0780027caa5c100,2017-07,City of London Police,City of London Police,-0.081516,51.510014,On or near GREAT TOWER STREET,E01032739,City of London 001F,Investigation complete; no suspect identified
85930e71f0c64b8c481f0ae5ebb04f6ca8e87af331a0b7db6900c1aa26bc1862,2017-07,City of London Police,City of London Police,-0.109709,51.517909,On or near HIGH HOLBORN,E01032740,City of London 001G,Investigation complete; no suspect identified
86a88492cfe7bfc3edd78d5f370758701b394ee61f86bfa4fc24f86a61b4e30d,2017-07,City of London Police,City of London Police,-0.080665,51.509344,On or near Pedestrian Subway,E01032739,City of London 001F,Investigation complete; no suspect identified
92e04948f1af80fdbfc9142c940915fb776c9683d44c10c5d6f6dbf3774bfc43,2017-07,City of London Police,City of London Police,-0.111132,51.512420,On or near MIDDLE TEMPLE LANE,E01032740,City of London 001G,Unable to prosecute suspect
d8c6a86f81261967e856ad9ef261be70307d1e7f63b8ee48804183423d31e003,2017-07,City of London Police,City of London Police,,,No location,,,Investigation complete; no suspect identified
4e1e548f9e6023f9b492a4db23fdb6101e4323f2c89dd22159efd46f218e1023,2017-07,City of London Police,City of London Police,,,No location,,,Investigation complete; no suspect identified
bb6379b81ea5d925d9682e0f10671c986ccc94ca5a4d1bc6c9771bd55a899ca4,2017-07,City of London Police,City of London Police,-0.085173,51.518680,On or near FINSBURY AVENUE,E01032739,City of London 001F,Investigation complete; no suspect identified
7e13808dcd188503faecfbd8fe32e2095b13fd41d9322904be733c4987b37362,2017-07,City of London Police,City of London Police,-0.084199,51.513394,On or near CORNHILL,E01032739,City of London 001F,Further investigation is not in the public interest
306950e8ccbf31c1282dc729353604e41256052713b9975d61729c5fec1fcc23,2017-07,City of London Police,City of London Police,-0.081281,51.512528,On or near FENCHURCH AVENUE,E01032739,City of London 001F,Unable to prosecute suspect
535a6580aae0a0fd280ef597ce6aaecfedcd7ae8b66ea3f9c8c6f76122466068,2017-07,City of London Police,City of London Police,-0.092723,51.517032,On or near ALDERMANBURY SQUARE,E01000002,City of London 001B,Investigation complete; no suspect identified
f5a496a373edc3f9be2b0b95b3c0c446d764df6e2bef46aac6816879f62ff05b,2017-07,City of London Police,City of London Police,,,No location,,,Investigation complete; no suspect identified
79e357bd814af8a84dd56b77a71106f891f1c2cf3dd7c189ece287f7fa7e27a0,2017-07,City of London Police,City of London Police,-0.098148,51.517938,On or near ALBION WAY,E01032740,City of London 001G,Investigation complete; no suspect identified
b7614d13de4626c487f23070a0673668e06fa79a2d51d7ae6340b581e129a2c9,2017-07,City of London Police,City of London Police,-0.074793,51.511208,On or near Pedestrian Subway,E01000005,City of London 001E,Investigation complete; no suspect identified
2a7a481e956e5d042ffab395d0dfaf67241618bb5c8c79e3b4165778e8195c1d,2017-07,City of London Police,City of London Police,,,No location,,,Investigation complete; no suspect identified
e7bc09bd8caa1df61a4abf620c26a902824bedbed37dafb904b2f45c715371bc,2017-07,City of London Police,City of London Police,,,No location,,,Investigation complete; no suspect identified
f8f9c31f51b92dd94a25370960b2c09f3416ef874709fccaac399a4c6db838c1,2017-07,City of London Police,City of London Police,-0.088995,51.512088,On or near ST SWITHIN'S LANE,E01032739,City of London 001F,Formal action is not in the public interest
f9fb287eeaae3dda35b2fadfbd708a71d7f61d0582cd46397f34de39a45c431a,2017-07,City of London Police,City of London Police,-0.079786,51.517576,On or near Police Station,E01032739,City of London 001F,Unable to prosecute suspect
17e87fcc680634fe626555740a04a82a8cb9e24dbcf311e55a878c04913e3ae1,2017-07,City of London Police,City of London Police,-0.108283,51.517526,On or near Supermarket,E01032740,City of London 001G,Investigation complete; no suspect identified
5fce47ea516b4eea377ef00183f173ef25c51d7dd7a6a83692cfbff9c6c48aeb,2017-07,City of London Police,City of London Police,-0.104252,51.516733,On or near Supermarket,E01032740,City of London 001G,Investigation complete; no suspect identified
f780e85e43ecd363e1d7f79b03bc5e5866b56b0b703b37ca8b69ff0cc792cc41,2017-07,City of London Police,City of London Police,-0.082811,51.510054,On or near IDOL LANE,E01032739,City of London 001F,Investigation complete; no suspect identified
d062d8a42a447d6885a0d015ba759a8727389dcf8b048fcb69382d04756151b2,2017-07,City of London Police,City of London Police,-0.102502,51.516165,On or near GREEN ARBOUR COURT,E01032740,City of London 001G,Investigation complete; no suspect identified
75587ecd136cc631f7fb403ecb04da50a84e45a60da4413087395f6adf9cde24,2017-07,City of London Police,City of London Police,-0.111242,51.516738,On or near TOOK'S COURT,E01032740,City of London 001G,Investigation complete; no suspect identified
afb2a96ccf165843798a66e14799b09fdd886533b8685e4487d1b61b949c5592,2017-07,City of London Police,City of London Police,-0.113256,51.516824,On or near OLD SQUARE,E01000914,Camden 028B,Investigation complete; no suspect identified
d7880f9e19aa438f943682724fca5a9c4882bcccf39d967325987d9de27cafd4,2017-07,City of London Police,City of London Police,-0.080318,51.520678,On or near PRIMROSE STREET,E01032739,City of London 001F,Investigation complete; no suspect identified
6526886da1d60ac9aa19e635214825508fb0d790022f6543b4f6dce64eb75cba,2017-07,City of London Police,City of London Police,-0.104252,51.516733,On or near Supermarket,E01032740,City of London 001G,Investigation complete; no suspect identified
aca63ea988e9d303f0b7a729fd9c4768917916ddd4a140bf1463d9158693d984,2017-07,City of London Police,City of London Police,-0.104252,51.516733,On or near Supermarket,E01032740,City of London 001G,Investigation complete; no suspect identified
3e39383971c18c2ac122d21936b7ff680d4aba48131e6a762d7752b95e0fdaa4,2017-07,City of London Police,City of London Police,-0.105134,51.513869,On or near BRIDE LANE,E01032740,City of London 001G,Investigation complete; no suspect identified
569d44c03338ae08382e5c6fccb81e8cdb045d404c515bdd44d4ca45b7cc7731,2017-07,City of London Police,City of London Police,-0.080728,51.511611,On or near Supermarket,E01032739,City of London 001F,Unable to prosecute suspect
ae3ac9a26a671deaa0e9c32b1230e8c4dae7570a1671401dc290056ac3231d44,2017-07,City of London Police,City of London Police,,,No location,,,Investigation complete; no suspect identified
9eb14a420763cf3beaf78724bced3a9ac13e0c5534745bf11bd4fb1435c685ae,2017-07,City of London Police,City of London Police,-0.097562,51.518864,On or near Parking Area,E01000001,City of London 001A,Investigation complete; no suspect identified
d5cf5b6e5659a31e7f47d20675cbaa14906540598a4e35c132e50ec6da2ce15a,2017-07,City of London Police,City of London Police,-0.096363,51.513377,On or near NEW CHANGE,E01032739,City of London 001F,Investigation complete; no suspect identified
d7e2a45ba3b712ecc4c272328b7adc643ec818658318033a37edb0ffd23dc1a8,2017-07,City of London Police,City of London Police,-0.084618,51.512682,On or near GRACECHURCH STREET,E01032739,City of London 001F,Investigation complete; no suspect identified
